{"cameraMode":{"drawMode":0,"name":"Shaded","section":"Shading Mode"},"sceneLighting":true,"audioPlay":false,"sceneViewState":{"m_AlwaysRefresh":false,"showFog":true,"showSkybox":true,"showFlares":true,"showImageEffects":true,"showParticleSystems":true,"showVisualEffectGraphs":true,"m_FxEnabled":true},"in2DMode":false,"pivot":{"x":26.439050674438478,"y":-0.5698418617248535,"z":28.211963653564454},"rotation":{"x":0.22643142938613892,"y":-0.14402514696121217,"z":0.033874571323394778,"w":0.9627260565757752},"size":8.465287208557129,"orthographic":false}